name;aa;psi;psi_sd
ASPA_1_24;MTSCHIAEEHIQKVAIFGGTHGNE;2.94259768423452;0.0174507824349058
ASPA_13_36;KVAIFGGTHGNELTGVFLVKHWLE;1.22086924519992;0.0365424080875113
ASPA_25_48;LTGVFLVKHWLENGAEIQRTGLEV;1.35877343632293;0.0803210556834811
ASPA_37_60;NGAEIQRTGLEVKPFITNPRAVKK;3.78949652153986;0.0603238289401737
ASPA_49_72;KPFITNPRAVKKCTRYIDCDLNRI;1.83272015262691;0.0312682220223585
ASPA_61_84;CTRYIDCDLNRIFDLENLGKKMSE;3.5568863847546;0.108216328941177
ASPA_73_96;FDLENLGKKMSEDLPYEVRRAQEI;2.80046531239954;0.0336234998729022
ASPA_85_108;DLPYEVRRAQEINHLFGPKDSEDS;3.65875081780889;0.0902987616761395
ASPA_97_120;NHLFGPKDSEDSYDIIFDLHNTTS;3.28675594712079;0.0652138376833738
ASPA_109_132;YDIIFDLHNTTSNMGCTLILEDSR;1.82494805653882;0.125928856084072
ASPA_121_144;NMGCTLILEDSRNNFLIQMFHYIK;1.0731341989697;0.0723702322642525
ASPA_133_156;NNFLIQMFHYIKTSLAPLPCYVYL;1.13038189668154;0.0670943021389638
ASPA_145_168;TSLAPLPCYVYLIEHPSLKYATTR;1.08337085109948;0.0888830101970299
ASPA_157_180;IEHPSLKYATTRSIAKYPVGIEVG;2.10619277175365;0.0583592218806236
ASPA_169_192;SIAKYPVGIEVGPQPQGVLRADIL;2.46616844627714;0.158287026926329
ASPA_181_204;PQPQGVLRADILDQMRKMIKHALD;1.18825894684846;0.0862247232365143
ASPA_193_216;DQMRKMIKHALDFIHHFNEGKEFP;1.11668026900305;0.0782708485145888
ASPA_205_228;FIHHFNEGKEFPPCAIEVYKIIEK;2.00297061167375;0.0161916346576985
ASPA_217_240;PCAIEVYKIIEKVDYPRDENGEIA;1.88925508962266;0.0414085443101785
ASPA_229_252;VDYPRDENGEIAAIIHPNLQDQDW;3.84436066374141;0.0667879199586755
ASPA_241_264;AIIHPNLQDQDWKPLHPGDPMFLT;2.81941744101696;0.0535166419725005
ASPA_253_276;KPLHPGDPMFLTLDGKTIPLGGDC;3.28987605517995;0.0685237553418442
ASPA_265_288;LDGKTIPLGGDCTVYPVFVNEAAY;2.21179181359305;0.090587149801546
ASPA_277_300;TVYPVFVNEAAYYEKKEAFAKTTK;3.49843121939764;0.12961663239585
ASPA_289_312;YEKKEAFAKTTKLTLNAKSIRCCL;1.46115426064661;0.072112912759758
ASPA_290_313;EKKEAFAKTTKLTLNAKSIRCCLH;1.21313571277926;0.0344900673254936
APPY_WT_1;CALLQSRLLLSAPRRAAATARY**;1.30307792916615;0.199978757385576
APPY_RAAA_1;CALLQSRAAASAPRRAAATARY**;1.56219574931973;0.123764036785723
APPY_DAAA_1;CALLQSDAAASAPRRAAATARY**;2.19353997258105;0.145061558357864
